loss,mape,val_loss,val_mape
0.03037017025053501,190997.40625,0.008764553815126419,118.61494445800781
0.007286001928150654,82639.203125,0.006857980974018574,74.9124984741211
0.00678887078538537,87855.703125,0.0070715234614908695,80.17154693603516
0.006328297778964043,79172.8671875,0.006168301682919264,72.45291137695312
0.006086786277592182,81308.8203125,0.006098213605582714,69.39962005615234
0.005765153095126152,82897.1875,0.005674701649695635,68.5995864868164
0.005525869783014059,72913.390625,0.005632797721773386,77.01947784423828
0.0052572633139789104,76217.8984375,0.005394644569605589,72.85131072998047
0.00510312058031559,70263.6484375,0.005378201138228178,64.02886962890625
0.004981369245797396,80259.1484375,0.005990118253976107,80.00743103027344
0.0048362803645431995,81344.6484375,0.004997749347239733,69.83460235595703
0.004733412992209196,82013.3828125,0.005379157140851021,75.93333435058594
0.004630883689969778,72683.9765625,0.004590881057083607,70.901123046875
0.004650534596294165,73228.6015625,0.004528763238340616,70.98169708251953
0.004526915028691292,75963.4453125,0.004464078228920698,71.58243560791016
0.004356306046247482,68660.3046875,0.00503270048648119,72.3471908569336
0.004386473447084427,73778.5234375,0.00417634891346097,66.09305572509766
0.00430945074185729,75362.0234375,0.004114590585231781,66.3386459350586
0.004239941947162151,71467.4765625,0.004060216713696718,69.34774017333984
0.004289144650101662,76721.75,0.00430724723264575,70.20084381103516
0.004268233198672533,64197.3984375,0.004006833303719759,64.39568328857422
0.00416610948741436,72095.6875,0.00417803879827261,59.34956359863281
0.00424161646515131,63912.5625,0.004120293073356152,70.78067016601562
0.004159459378570318,80157.015625,0.0038753836415708065,65.3132553100586
0.004106785170733929,68585.953125,0.0038750930689275265,62.93117904663086
0.004084856249392033,77085.1640625,0.004748126491904259,71.97582244873047
0.00411722157150507,62601.4296875,0.0038134371861815453,60.80705261230469
0.004074588418006897,76654.2734375,0.003716125385835767,65.82576751708984
0.003967587370425463,68086.5078125,0.0037241310346871614,60.38863754272461
0.004026613663882017,74409.2578125,0.004168108571320772,68.53717041015625
0.004002136178314686,74928.625,0.004026762209832668,69.22348022460938
0.003967036958783865,78535.2265625,0.003594743786379695,61.734012603759766
0.003953439649194479,63487.59375,0.004019917920231819,68.05506134033203
0.0039462135173380375,74771.109375,0.003526310669258237,61.90873718261719
0.0038850244600325823,57855.45703125,0.0034914531279355288,61.83295440673828
0.0038968855515122414,62695.5625,0.003596831113100052,64.31241607666016
0.003866540966555476,59023.51171875,0.003454995108768344,61.251792907714844
0.003852706402540207,62921.36328125,0.00411491421982646,68.48023986816406
0.0037770476192235947,65595.234375,0.003390589728951454,58.731163024902344
0.0038097298238426447,63357.640625,0.003349694889038801,62.05805206298828
0.003778841346502304,61588.87890625,0.003315187059342861,60.21805191040039
0.0037124992813915014,61014.546875,0.0033005487639456987,55.61906433105469
0.003651014994829893,54514.078125,0.0034519198816269636,60.00251388549805
0.0036866581067442894,64436.20703125,0.003162509761750698,57.563533782958984
0.0036128386855125427,67776.109375,0.0031959691550582647,52.267154693603516
0.003571666544303298,54081.890625,0.0030564856715500355,53.53681182861328
0.0035266338381916285,60311.1328125,0.0030426685698330402,54.78977584838867
0.003446804592385888,59388.05859375,0.003234175266698003,48.828285217285156
0.0034628233406692743,58139.8828125,0.0030560491140931845,47.03196334838867
0.003406965872272849,60634.5703125,0.0029976097866892815,44.55863571166992
0.0034316466189920902,51069.19140625,0.0028435043059289455,47.72273254394531
0.0033300905488431454,53841.4375,0.0030458515975624323,43.982242584228516
0.0033707283437252045,54169.98046875,0.002822403097525239,43.468833923339844
0.00330734858289361,44587.8359375,0.002802184084430337,48.387359619140625
0.0033192008268088102,56907.90234375,0.0030242775101214647,48.831966400146484
0.003295480739325285,48937.98828125,0.0027623684145510197,42.061859130859375
0.0032533258199691772,51667.8359375,0.0027428525499999523,43.51378631591797
0.0033174273557960987,43369.63671875,0.0029880257789045572,45.14845275878906
0.003237755736336112,42559.30859375,0.0027250100392848253,41.99888610839844
0.003249754197895527,59463.89453125,0.0027349130250513554,42.661224365234375
0.003227728884667158,45316.44140625,0.0027141717728227377,42.40329360961914
0.003233096795156598,49657.41015625,0.0027661239728331566,39.03104782104492
0.0032328213565051556,48584.68359375,0.002762290183454752,40.112548828125
0.003251704154536128,42597.57421875,0.002721209079027176,40.0374755859375
0.0032096966169774532,46507.6484375,0.0027773655019700527,39.4085578918457
0.0031918040476739407,45332.234375,0.002780698472633958,43.08802795410156
0.003207879839465022,43839.484375,0.002698885975405574,40.239444732666016
0.0031853828113526106,45881.66015625,0.0030654077418148518,42.0805549621582
0.003186628222465515,50478.5078125,0.002764810109511018,37.78034591674805
0.0032048956491053104,45475.265625,0.002799627371132374,36.55167007446289
0.003172397380694747,49733.43359375,0.002765716752037406,38.70077896118164
0.0032558701932430267,45487.125,0.0026895240880548954,40.57217025756836
0.0031675032805651426,53336.44140625,0.002729527186602354,39.22220993041992
0.003171673510223627,43344.90625,0.002817221451550722,38.654991149902344
0.0032229945063591003,45809.1484375,0.0028670465108007193,40.548091888427734
0.0031793941743671894,44739.6875,0.0026809151750057936,39.158931732177734
0.003187488531693816,41346.26171875,0.0027392965275794268,38.249900817871094
0.0031832130625844,47014.859375,0.002728579333052039,38.772098541259766
0.003178260987624526,38793.08203125,0.0027075237594544888,40.213253021240234
0.0031574207823723555,39029.34375,0.0027984757907688618,37.5335693359375
0.0031700339168310165,47967.3046875,0.0026998370885849,40.1651496887207
0.0031495012808591127,40206.1484375,0.0026741030160337687,38.68608093261719
0.0031351277139037848,40875.72265625,0.0027404415886849165,39.22136688232422
0.003141682827845216,38636.125,0.00279632699675858,38.46053695678711
0.0031346692703664303,43924.36328125,0.002682703547179699,36.551109313964844
0.003158960957080126,40665.10546875,0.002706756116822362,37.338775634765625
0.0031446407083421946,44965.08203125,0.002658775309100747,38.934146881103516
0.0031451056711375713,41787.98828125,0.002681091893464327,40.482093811035156
0.00315155484713614,43976.34765625,0.0026891932357102633,36.65473175048828
0.003163122572004795,50884.90234375,0.0027157231234014034,38.42529296875
0.0031279015820473433,37828.62109375,0.0026697597932070494,37.33791732788086
0.0031426362693309784,39600.2890625,0.002657919190824032,37.557003021240234
0.0031675496138632298,44570.21484375,0.0027202910277992487,36.010902404785156
0.0031325172167271376,47914.08203125,0.00267296121455729,38.19309997558594
0.0031264438293874264,38571.79296875,0.0026725404895842075,40.65092468261719
0.0030998189467936754,45582.9296875,0.002665193984284997,38.0223274230957
0.003137123305350542,47810.796875,0.0026964338030666113,37.2214469909668
0.0030950105283409357,42669.08203125,0.0027520377188920975,37.30097198486328
0.0030919972341507673,38753.2890625,0.0026562372222542763,35.782997131347656
0.0030886605381965637,43491.20703125,0.0028508107643574476,34.11445236206055
0.003126861061900854,40126.96875,0.0026491659227758646,36.54318618774414
0.0031117056496441364,43051.4609375,0.0027249068953096867,37.94425964355469
0.0031333116348832846,39150.0390625,0.0027099980507045984,35.21892166137695
0.0031259108800441027,47546.58203125,0.0026600868441164494,36.4277458190918
0.003108428092673421,42810.07421875,0.0026846863329410553,34.99131774902344
0.0030732406303286552,38378.546875,0.002643545623868704,36.22202682495117
0.00315452110953629,38695.27734375,0.00263101770542562,38.00440979003906
0.003098779357969761,42250.79296875,0.002731099259108305,33.327999114990234
0.0031336997635662556,39641.25390625,0.002709418535232544,34.216941833496094
0.003080054186284542,41670.2890625,0.0026672640815377235,34.752933502197266
0.003104407573118806,49985.18359375,0.002628193935379386,36.28411865234375
0.0030737989582121372,49043.39453125,0.002690062625333667,31.75713539123535
0.003102811984717846,46165.09765625,0.0027029647026211023,37.607059478759766
0.003103317692875862,44549.64453125,0.002726710634306073,32.67020034790039
0.0031071575358510017,40006.38671875,0.002652025781571865,34.440895080566406
0.0031248903833329678,39866.0625,0.002682960359379649,37.89957809448242
0.003122609807178378,46234.99609375,0.002626441651955247,35.44395446777344
0.00308926566503942,41721.69921875,0.0026199205312877893,36.23371887207031
0.0030704983510077,43566.7890625,0.00267812586389482,36.12438201904297
0.00311496714130044,44476.26171875,0.002651270478963852,33.792781829833984
0.0031180079095065594,42536.44921875,0.002702287631109357,37.75352096557617
0.003058656817302108,42197.2421875,0.0026194541715085506,36.29903793334961
0.0030841052066534758,42110.21484375,0.0028014471754431725,37.21650695800781
0.0031187499407678843,36968.03125,0.0026225477922707796,34.90885543823242
0.003086717100813985,46356.41015625,0.002607431961223483,36.14742660522461
0.0030744571704417467,43894.01171875,0.002882758155465126,37.44851303100586
0.0030929690692573786,44870.33203125,0.0027172963600605726,40.515560150146484
0.003068081568926573,47184.6875,0.0027118923608213663,33.31787872314453
0.0030834979843348265,40020.79296875,0.0026574213989079,33.35711669921875
0.003081422997638583,45216.953125,0.0027234014123678207,38.41187286376953
0.003075407585129142,42782.8359375,0.0026264472398906946,32.72783279418945
0.003047667210921645,46611.4296875,0.00268311845138669,36.734275817871094
0.0030572330579161644,37299.7109375,0.002619199687615037,34.5203857421875
0.0030718056950718164,43388.29296875,0.002640702063217759,32.75164031982422
0.003055088920518756,38229.51953125,0.0026681090239435434,33.56269454956055
0.003055909415706992,39939.890625,0.0026081434916704893,34.80186462402344
0.0030464334413409233,41899.2421875,0.0026751398108899593,31.091215133666992
0.0030641613993793726,36220.99609375,0.0026358102913945913,34.456668853759766
0.0030633830465376377,36232.703125,0.002634260104969144,34.03712844848633
0.003103925846517086,40665.6171875,0.0026114003267139196,34.23711013793945
0.003050327068194747,43188.9921875,0.0026435409672558308,34.38713455200195
0.003081460017710924,38912.40625,0.0026007199194282293,33.69813919067383
0.00306843058206141,40940.5390625,0.002601026324555278,32.98694610595703
0.0030434736981987953,41348.9765625,0.002704544924199581,35.6675910949707
0.003042613621801138,41534.5390625,0.002613643417134881,36.14531326293945
0.0030793685000389814,35405.25390625,0.0025808713398873806,35.518123626708984
0.003072555875405669,39384.39453125,0.002592595526948571,33.24801254272461
0.0030800001695752144,47845.31640625,0.002707348670810461,35.35725021362305
0.003070590551942587,42726.71484375,0.0026092722546309233,31.76661491394043
0.003059723414480686,41836.8515625,0.0025971923023462296,33.46184539794922
0.0030394485220313072,43128.81640625,0.0026647597551345825,33.717315673828125
0.0030275159515440464,42162.33203125,0.0025970081333070993,31.979982376098633
0.0030128099024295807,41292.578125,0.0025789171922951937,34.660892486572266
0.0030296884942799807,38605.21484375,0.0026240390725433826,31.31683349609375
0.0030405393335968256,39196.58984375,0.0025826417841017246,32.739768981933594
0.0030283003579825163,42604.015625,0.002729678526520729,33.674339294433594
0.0030697807669639587,36308.3046875,0.0026496390346437693,32.71110153198242
0.0030560556333512068,38780.7109375,0.0026136424858123064,31.368820190429688
0.003007465275004506,39392.45703125,0.0025749984197318554,32.723388671875
0.0030621937476098537,42656.30078125,0.002652175258845091,32.069480895996094
0.0030219429172575474,37013.6953125,0.0025803332682698965,32.03602600097656
0.003051970386877656,36826.03125,0.002659306162968278,32.63209915161133
0.003010088112205267,31008.015625,0.002574822399765253,33.1929931640625
0.0030415547080338,36079.4453125,0.0025874427519738674,30.77828025817871
0.0030265236273407936,40110.30078125,0.002569094067439437,32.69013595581055
0.0030124662443995476,31402.556640625,0.0025742361322045326,31.67416000366211
0.003008869243785739,37034.609375,0.0027566496282815933,33.453392028808594
0.0030067365150898695,35392.01171875,0.002598903374746442,33.546607971191406
0.0030141081660985947,39227.16796875,0.002644482534378767,32.490135192871094
0.0030323434621095657,34899.5390625,0.0027437759563326836,33.02260971069336
0.0030045132152736187,34811.859375,0.0026840176433324814,37.00029754638672
0.003000684315338731,37179.578125,0.002936267526820302,34.93482208251953
0.00301411678083241,39759.01171875,0.0027699596248567104,33.9810905456543
0.002995893359184265,36414.2265625,0.0025856997817754745,33.25874710083008
0.003036238020285964,30875.791015625,0.0025561449583619833,33.846675872802734
0.003051179461181164,38751.10546875,0.0026477226056158543,35.136478424072266
0.0030358307994902134,35008.6796875,0.0025592315942049026,31.550336837768555
0.003007973311468959,47195.69921875,0.0025601363740861416,32.12607192993164
0.0030554994009435177,33686.7734375,0.0025583310052752495,31.7574462890625
0.0030180560424923897,34076.375,0.0027447734028100967,31.305805206298828
0.0030122471507638693,39917.6015625,0.0026520052924752235,30.398956298828125
0.0030018987599760294,35837.2578125,0.002661359729245305,34.370361328125
0.0030199685133993626,34688.62890625,0.0025788098573684692,31.533910751342773
0.003017702605575323,34803.984375,0.0025941289495676756,31.247127532958984
0.0030113724060356617,34043.15625,0.002550017787143588,31.722440719604492
0.0029742245096713305,31419.521484375,0.00256014964543283,30.6073055267334
0.0030382657423615456,38217.25,0.002861123066395521,32.38630676269531
0.0029816150199621916,37942.921875,0.0025869181845337152,33.6068000793457
0.00305313803255558,36776.30859375,0.0025586956180632114,31.331809997558594
0.0030177710577845573,36207.2265625,0.0025439420714974403,31.655553817749023
0.0030299192294478416,38475.82421875,0.002598006743937731,30.733657836914062
0.0029831556603312492,39518.59765625,0.002556577092036605,30.187856674194336
0.003009202191606164,33292.8203125,0.002602762309834361,31.22276496887207
0.0029793954454362392,34304.52734375,0.002556432271376252,29.89055061340332
0.003030285006389022,38713.71875,0.002695804461836815,31.658594131469727
0.0029881345108151436,35434.80078125,0.002625261200591922,30.809139251708984
0.0029586805030703545,36443.5390625,0.0026027082931250334,31.616329193115234
0.003006437560543418,34681.9453125,0.0025341776199638844,31.3577938079834
0.0030140955932438374,35168.28125,0.00275649456307292,32.25234603881836
0.0029866464901715517,39103.05078125,0.0025422193575650454,30.071290969848633
0.0029656991828233004,38529.38671875,0.0025620474480092525,32.324684143066406
0.0030233978759497404,36992.80078125,0.002872145501896739,33.23642349243164
0.003016432747244835,37866.15234375,0.0029167737811803818,30.916513442993164
0.0029757716692984104,37690.98046875,0.002628378802910447,33.486671447753906
0.002999250078573823,38570.03125,0.002572266850620508,31.202848434448242
0.0029687085188925266,35451.375,0.002644150983542204,31.3287353515625
0.0030010021291673183,39578.17578125,0.002863476751372218,29.994285583496094
0.002965446561574936,32854.87109375,0.0026411546859890223,27.416088104248047
0.0029926723800599575,32294.6328125,0.002532065147534013,29.87906265258789
0.003002699464559555,37634.6640625,0.0027497203554958105,33.08958053588867
0.002997988136485219,34304.87109375,0.0025544576346874237,29.58481788635254
0.002986400853842497,34741.87109375,0.00254663429223001,28.79613494873047
0.002972630551084876,37730.42578125,0.0027449424378573895,31.77791404724121
0.002980694640427828,34002.66015625,0.0026105563156306744,30.455093383789062
0.0029966612346470356,38580.67578125,0.002529796212911606,31.04897689819336
0.0029660225845873356,32398.103515625,0.002557302825152874,29.07427978515625
0.0029847281984984875,34806.86328125,0.0025265973526984453,31.92386245727539
0.0029881761875003576,34574.44921875,0.0025263528805226088,30.150287628173828
0.002959607867524028,37546.13671875,0.002587815746665001,26.017929077148438
0.002988954773172736,38554.6796875,0.0027003891300410032,33.130409240722656
0.0029553817585110664,33980.59765625,0.0025501255877316,31.524446487426758
0.002980569377541542,35262.80859375,0.0026829943526536226,30.529266357421875
0.0029454112518578768,32982.51171875,0.002568483352661133,27.358572006225586
0.0029758173041045666,41093.88671875,0.0025505118537694216,28.0650577545166
0.002957759890705347,34523.40234375,0.002556396648287773,28.51717185974121
0.0029831239953637123,35472.40625,0.0025481898337602615,30.356142044067383
0.002955018077045679,39789.58203125,0.002541947877034545,30.528114318847656
0.002955758012831211,32402.548828125,0.00251347036100924,30.359455108642578
0.0029773940332233906,31636.4296875,0.002525994321331382,29.550575256347656
0.002978932810947299,39651.6015625,0.002545814961194992,30.282224655151367
0.0029950221069157124,37698.046875,0.002521691145375371,30.42613983154297
0.0029685257468372583,33456.10546875,0.0025151048321276903,30.751249313354492
0.002957893768325448,31705.69140625,0.0026710957754403353,28.476863861083984
0.002965350169688463,33947.5625,0.0026729933451861143,30.637907028198242
0.0029437353368848562,39529.80859375,0.002565521514043212,25.658226013183594
0.0029740077443420887,33989.82421875,0.002514951629564166,29.315279006958008
0.0029546390287578106,31912.083984375,0.002532923361286521,28.295486450195312
0.0029887035489082336,34758.8984375,0.002706689527258277,30.046682357788086
0.0029369064141064882,32844.44140625,0.0027543026953935623,29.966964721679688
0.0029606588650494814,34862.8515625,0.002544859191402793,29.35704803466797
0.002961445599794388,31407.521484375,0.002533332910388708,29.704341888427734
0.0029387222602963448,32434.05078125,0.002531712409108877,29.241456985473633
0.002963669365271926,35254.203125,0.0025225861463695765,29.171674728393555
0.0029830248095095158,32652.150390625,0.0025141385849565268,28.554271697998047
0.0029506736900657415,36490.625,0.0025323510635644197,28.445222854614258
0.002939441939815879,36520.26171875,0.0028519516345113516,30.52981185913086
0.002949328860267997,35590.14453125,0.002518116030842066,29.014265060424805
0.002972283400595188,36604.75390625,0.0026249282527714968,27.9907169342041
0.002942595863714814,31242.0625,0.0025190776214003563,30.155902862548828
0.0029744908679276705,33016.23046875,0.0025188494473695755,28.25893783569336
0.0029479344375431538,33622.83203125,0.002629489405080676,28.17935562133789
0.0029607582837343216,31788.712890625,0.002599105704575777,31.15034294128418
0.0029791141860187054,31651.078125,0.002549059921875596,27.348695755004883
0.0029343748465180397,31590.21484375,0.002514118095859885,28.075590133666992
0.0029251519590616226,34627.48828125,0.0025095136370509863,28.06545639038086
0.0029379287734627724,31407.275390625,0.0025117199402302504,27.767513275146484
0.002938065445050597,28566.673828125,0.0025041536428034306,28.211946487426758
0.0029567438177764416,29462.77734375,0.0025036714505404234,30.09185791015625
0.0029435474425554276,30185.47265625,0.002660370199009776,30.83560562133789
0.0029388489201664925,36455.22265625,0.0025270641781389713,28.443552017211914
0.002930067479610443,33313.03125,0.0025285547599196434,25.99301528930664
0.0029441439546644688,35100.66796875,0.0025132428854703903,27.084978103637695
0.002923752646893263,36478.5,0.0026118871755898,28.434125900268555
0.0029334293212741613,33805.9296875,0.002545167924836278,29.258270263671875
0.002924336353316903,33376.5,0.0025122056249529123,27.334596633911133
0.002937862416729331,36314.55859375,0.002511286875233054,27.0613956451416
0.0029294623527675867,39111.87890625,0.0026212658267468214,30.61983299255371
0.0029416210018098354,41623.8203125,0.0024984984192997217,28.210866928100586
0.0029579736292362213,31133.7109375,0.002603671746328473,27.195770263671875
0.0028984134551137686,27264.193359375,0.0025139162316918373,28.882505416870117
0.0029307850636541843,33726.7890625,0.002527492120862007,27.402469635009766
0.002948022447526455,42441.59765625,0.0025366442278027534,28.329320907592773
0.0029504031408578157,38383.828125,0.002519270870834589,29.38275718688965
0.0029207647312432528,34003.23828125,0.0026033155154436827,29.982879638671875
0.0029682880267500877,36106.6328125,0.0024923481978476048,28.645565032958984
0.002961457008495927,40778.86328125,0.002578887389972806,27.71331787109375
0.0029235330875962973,33631.41015625,0.0025366642512381077,25.172128677368164
0.0029294011183083057,31668.6640625,0.0025002036709338427,27.01833152770996
0.0029084947891533375,31950.55859375,0.0025232231710106134,27.3983211517334
0.002923940308392048,30049.392578125,0.002657662844285369,27.263582229614258
0.0029678265564143658,31881.08203125,0.002550567965954542,30.129432678222656
0.002929510548710823,29447.60546875,0.0025354947429150343,27.013879776000977
0.0029246732592582703,37600.90234375,0.002560629742220044,30.262069702148438
0.002942600753158331,31014.525390625,0.0025056221056729555,27.332895278930664
0.002928359666839242,33289.140625,0.002533372724428773,26.874855041503906
0.0028946660459041595,31728.787109375,0.002516302978619933,26.843416213989258
0.002954022493213415,33752.98828125,0.002542471745982766,28.259479522705078
0.0028988730628043413,29602.91015625,0.002504506381228566,26.400129318237305
0.002927362686023116,26584.517578125,0.0024915398098528385,27.385318756103516
0.0029148838948458433,31089.919921875,0.0024927575141191483,27.119564056396484
0.00291663920506835,34817.45703125,0.0025220036040991545,25.45705223083496
0.00291700242087245,32290.03125,0.002489333273842931,27.55710220336914
0.00292989076115191,34899.31640625,0.0025786268524825573,28.777231216430664
0.002944015199318528,34846.92578125,0.0024949987418949604,26.400373458862305
0.0029055404011160135,31733.6328125,0.0025751087814569473,27.466028213500977
0.002921474864706397,31128.40625,0.0025724780280143023,27.149404525756836
0.0029333450365811586,28146.333984375,0.0025223931297659874,26.340913772583008
0.0029144040308892727,32210.25390625,0.002680300734937191,28.45332908630371
0.0029444810934364796,33033.91015625,0.0025027235969901085,25.576364517211914
0.002937349956482649,30531.212890625,0.0025376698467880487,25.25019073486328
0.0029022132512181997,31900.265625,0.0025136659387499094,24.953479766845703
0.0029125679284334183,30681.97265625,0.0025321748107671738,29.75812339782715
0.0029139549005776644,32688.603515625,0.0024837872479110956,27.240966796875
0.0029339611064642668,33419.953125,0.00258419057354331,25.18361473083496
0.0029313405975699425,27861.5859375,0.002822413807734847,29.22586441040039
0.002936406759545207,28332.037109375,0.0025528694968670607,27.698406219482422
0.002915286459028721,30063.8671875,0.0025033894926309586,27.954164505004883
0.002916288562119007,30093.681640625,0.002524944255128503,27.821861267089844
0.002895584562793374,27375.646484375,0.002503900323063135,25.3751277923584
0.0029016342014074326,35320.0859375,0.002555226907134056,27.31538963317871
0.002902085892856121,30476.1015625,0.002592530334368348,27.09122657775879
0.002908155554905534,32835.1953125,0.0025988437701016665,26.77536964416504
0.002907854039222002,33710.5,0.002483932301402092,27.125770568847656
0.002893306314945221,37310.24609375,0.0024812144692987204,26.455976486206055
0.002902956446632743,30140.048828125,0.0026033876929432154,28.21204376220703
0.0029100559186190367,33199.3515625,0.0025234026834368706,27.81160545349121
0.002931766677647829,28656.56640625,0.002536782529205084,28.121158599853516
0.002920029917731881,30689.59375,0.0025735965464264154,27.290359497070312
0.002893377561122179,28183.984375,0.0025437509175390005,25.207141876220703
0.0028795250691473484,30033.46875,0.0025458885356783867,26.51893424987793
0.0028877537697553635,31875.537109375,0.002510783961042762,26.337312698364258
0.002889395924285054,32876.48828125,0.0024851644411683083,26.815948486328125
0.00289562507532537,31344.123046875,0.0025149232242256403,28.148935317993164
0.002909129485487938,27425.505859375,0.0025125104002654552,25.693822860717773
0.0029267827048897743,31829.720703125,0.0026472213212400675,27.884218215942383
0.0028847181238234043,30764.482421875,0.002511112717911601,26.13047218322754
0.0029146780725568533,25530.740234375,0.00252156937494874,28.83666229248047
0.0028801285661756992,25863.583984375,0.0024762386456131935,27.384037017822266
0.002905846806243062,32476.8046875,0.0025301396381109953,25.607818603515625
0.0028919694013893604,28792.962890625,0.0024848098400980234,25.997047424316406
0.002886277623474598,34132.4375,0.002532582264393568,25.55805206298828
0.002888923045247793,27718.234375,0.002482821000739932,27.063966751098633
0.0029048025608062744,31692.08984375,0.002525343792513013,24.557464599609375
0.0029015294276177883,27644.91796875,0.002503790194168687,25.930543899536133
0.0029070964083075523,29204.1796875,0.0025212073232978582,23.747636795043945
0.002859510248526931,32281.763671875,0.002586044603958726,27.173337936401367
0.00290745310485363,29508.8515625,0.002570590004324913,28.528112411499023
0.002903600921854377,32545.3359375,0.0026769237592816353,28.614505767822266
0.00290088402107358,36959.85546875,0.002475977409631014,26.13006591796875
0.002882426604628563,27036.79296875,0.002621999243274331,29.934349060058594
0.002905450528487563,28651.43359375,0.002535572275519371,25.297414779663086
0.0029020507354289293,40660.0234375,0.0024847218301147223,25.011411666870117
0.0028896043077111244,32310.046875,0.0024875018279999495,26.074989318847656
0.0028662015683948994,39066.71484375,0.002501041628420353,24.48940658569336
0.00289438315667212,28381.474609375,0.0025127625558525324,26.96584701538086
0.0028857607394456863,33667.25,0.002551684621721506,26.494903564453125
0.0028839283622801304,29220.419921875,0.0026788332033902407,28.048656463623047
0.002888160990551114,32225.67578125,0.002554122358560562,26.59722137451172
0.0028843495529145002,33335.17578125,0.002569605829194188,25.90047836303711
0.0028990874998271465,30941.400390625,0.00250909267924726,27.287490844726562
0.0028930213302373886,25497.42578125,0.0027219883631914854,28.699750900268555
0.0029216953553259373,27977.869140625,0.002472445135936141,25.411697387695312
0.0029037827625870705,31362.029296875,0.0026295864954590797,27.21356773376465
0.002903188578784466,29214.56640625,0.0024628506507724524,26.62738037109375
0.002896824385970831,29540.2734375,0.0025014602579176426,27.056554794311523
0.0028951363638043404,31252.076171875,0.0024792575277388096,24.681142807006836
0.0029004071839153767,35084.765625,0.002584550529718399,28.952543258666992
0.00286610028706491,31215.595703125,0.0026038556825369596,27.26986312866211
0.002886084606871009,33745.3359375,0.002473132684826851,25.212627410888672
0.0028697520028799772,29414.57421875,0.002479103859513998,24.53774642944336
0.002898187143728137,30745.943359375,0.0024459962733089924,27.229820251464844
0.002896995050832629,26518.513671875,0.0024929107166826725,26.8964900970459
0.002866163616999984,26540.669921875,0.0024653931614011526,25.89211082458496
0.0028910175897181034,29937.45703125,0.002507917582988739,22.92185401916504
0.0028872499242424965,30404.048828125,0.002673181938007474,28.236738204956055
0.0028837178833782673,28954.681640625,0.0025051841512322426,26.619979858398438
0.0029056137427687645,34460.140625,0.0024759324733167887,26.42140007019043
0.002879558829590678,28485.44140625,0.0025456175208091736,28.090654373168945
0.0028738370165228844,29017.30859375,0.0025058267638087273,24.55882453918457
0.0028775129467248917,29739.35546875,0.002444357145577669,26.7579288482666
0.002864980837330222,26578.427734375,0.0024486419279128313,26.728063583374023
0.0029038304928690195,33613.875,0.0025219027884304523,26.76455307006836
0.0028691436164081097,28932.486328125,0.0027846386656165123,28.384986877441406
0.0028963990043848753,31766.259765625,0.002572789555415511,27.463516235351562
0.0028946802485734224,31045.548828125,0.0024622464552521706,25.444231033325195
0.0028785504400730133,36632.55078125,0.0025732829235494137,29.30594253540039
0.0028902937192469835,27617.748046875,0.002501762006431818,22.95289421081543
0.002862529130652547,26542.947265625,0.002724631689488888,26.871814727783203
0.0029201176948845387,28100.853515625,0.0024678180925548077,26.32337188720703
0.00286750472150743,35911.140625,0.00251483591273427,24.40725326538086
0.0028764239978045225,29000.94140625,0.0024531439412385225,26.94304084777832
0.0028779511339962482,31073.88671875,0.0026620198041200638,29.33785057067871
0.002846693154424429,34375.3359375,0.002462131902575493,24.80282974243164
0.002854342106729746,29217.958984375,0.002657140837982297,27.153789520263672
0.0028774491511285305,29979.5546875,0.00250657694414258,27.014657974243164
0.0028711503837257624,28984.080078125,0.0025123755913227797,24.865718841552734
0.0028794591780751944,25821.263671875,0.0025148263666778803,27.10491371154785
0.002891636686399579,31184.16796875,0.00264909234829247,25.795066833496094
0.0028878850862383842,29631.474609375,0.002771014114841819,27.743022918701172
0.0028837311547249556,31899.833984375,0.0024544415064156055,25.431825637817383
0.0028517108876258135,28395.89453125,0.002466212259605527,26.080842971801758
0.002887662034481764,32689.84375,0.0024409224279224873,26.498029708862305
0.0028609635774046183,29315.341796875,0.0024389061145484447,25.794580459594727
0.002881857566535473,30210.859375,0.0024459012784063816,24.748985290527344
0.0028531732968986034,31250.451171875,0.0025730635970830917,27.091115951538086
0.00291776773519814,27642.44921875,0.0024417999666184187,25.218395233154297
0.0028641449753195047,29046.38671875,0.0024354001507163048,26.182353973388672
0.002861705608665943,26021.984375,0.0026254337280988693,26.727893829345703
0.0028653708286583424,32621.87890625,0.0024650823324918747,24.67759895324707
0.002861295361071825,28442.404296875,0.00243966793641448,25.16727638244629
0.0028688274323940277,30336.7421875,0.0025012146215885878,26.117280960083008
0.0028717683162540197,29970.87109375,0.002538183704018593,26.586994171142578
0.0028477166779339314,30123.640625,0.0024392539635300636,24.936697006225586
0.0028797362465411425,24976.99609375,0.00244713737629354,25.66429328918457
0.002828191267326474,29475.826171875,0.002451288281008601,24.07518196105957
0.0028731648344546556,27816.94140625,0.002546265721321106,26.476436614990234
0.002868534764274955,29103.529296875,0.00244527542963624,24.82603645324707
0.002860036911442876,29415.205078125,0.0024738849606364965,24.225749969482422
0.002862972440198064,33041.32421875,0.0025436871219426394,24.15094757080078
0.0028449313249439,34178.5625,0.002629748312756419,25.55971336364746
0.0028663882985711098,29608.6640625,0.002449079416692257,27.626550674438477
0.002872787183150649,31250.5703125,0.002534683095291257,26.45443344116211
0.002874654484912753,26304.880859375,0.0025589121505618095,27.276107788085938
0.002854706486687064,27345.884765625,0.0024956448469311,25.624595642089844
0.0028529283590614796,31197.966796875,0.002461223164573312,24.31709861755371
0.00287623587064445,27746.599609375,0.0024375352077186108,24.441104888916016
0.002849277574568987,33564.37109375,0.0024898217525333166,25.986679077148438
0.002869455609470606,29274.18359375,0.002450258005410433,25.28901481628418
0.0028507825918495655,28279.998046875,0.002467143815010786,25.559648513793945
0.0028586620464920998,29416.220703125,0.0024939633440226316,26.806730270385742
0.0028470924589782953,24450.43359375,0.0025095667224377394,26.395620346069336
0.002872534329071641,28263.17578125,0.0024356611538678408,24.64735221862793
0.0028478389140218496,27540.375,0.002441306598484516,24.248172760009766
0.002871700329706073,28402.787109375,0.002429473912343383,25.122920989990234
0.00285245175473392,28785.62109375,0.0024464274756610394,24.0398006439209
0.002868826035410166,29908.51953125,0.0024320713710039854,24.386741638183594
0.002865724265575409,36886.5625,0.002457079943269491,23.363767623901367
0.0028575609903782606,27180.228515625,0.002462618285790086,25.30887794494629
0.002873928053304553,27318.103515625,0.0024974921252578497,25.165191650390625
0.002852844074368477,26687.537109375,0.0024234377779066563,25.021547317504883
0.0028380269650369883,28819.189453125,0.002504314063116908,25.449148178100586
0.0028674525674432516,32690.583984375,0.0024598236195743084,25.04149055480957
0.0028419550508260727,32110.70703125,0.0027958638966083527,28.87892723083496
0.0028975489549338818,29504.314453125,0.002453228924423456,26.21698760986328
0.002863717032596469,31427.431640625,0.002434938680380583,24.318790435791016
0.0028486221563071012,28674.193359375,0.002719269599765539,29.033418655395508
0.002868525916710496,31913.41796875,0.0024246375542134047,24.616825103759766
0.0028670711908489466,28919.130859375,0.002609167480841279,24.784732818603516
0.002879575826227665,33164.38671875,0.0024354392662644386,23.79314422607422
0.00283924606628716,26124.572265625,0.0024550806265324354,22.771133422851562
0.0028365470934659243,26368.28515625,0.0024345165584236383,24.318714141845703
0.002844742499291897,26949.916015625,0.0025954509619623423,25.802248001098633
0.0028824505861848593,30074.20703125,0.0024577435106039047,26.346593856811523
0.0028376090340316296,28036.19921875,0.0024258012417703867,25.88203239440918
0.002854986349120736,28522.220703125,0.0024369070306420326,23.53203010559082
0.002857021987438202,27186.12109375,0.0024129494559019804,24.59705924987793
0.0028488500975072384,27223.642578125,0.0024135152343660593,25.213111877441406
0.0028400407172739506,24300.142578125,0.002499242313206196,25.828651428222656
0.0028449080418795347,28427.173828125,0.0027446977328509092,26.6688289642334
0.0028505458030849695,26825.828125,0.0024358064401894808,23.316078186035156
0.0028563574887812138,31101.9296875,0.0024612608831375837,24.327421188354492
0.0028397480491548777,27032.513671875,0.002484755590558052,23.974428176879883
0.002849779324606061,28072.384765625,0.002405251143500209,25.490093231201172
0.002843477064743638,27233.7734375,0.002437808085232973,24.03835678100586
0.0028532634023576975,28474.537109375,0.002421939978376031,24.445804595947266
0.0028287514578551054,29749.078125,0.0027841725386679173,25.651947021484375
0.002849975833669305,32833.2890625,0.002431984292343259,24.47456932067871
0.0028484310023486614,29598.2265625,0.0024671026039868593,25.330150604248047
0.002821400063112378,26523.134765625,0.0024164828937500715,25.85095977783203
0.002828504890203476,28652.498046875,0.0024194687139242887,23.574003219604492
0.002821726957336068,28628.15625,0.002442684955894947,22.292682647705078
0.0028245653957128525,31551.45703125,0.002433373825624585,23.190065383911133
0.002871739212423563,29342.01953125,0.0025015941355377436,25.73427391052246
0.0028286308515816927,29542.77734375,0.002399012679234147,25.222078323364258
0.002823239890858531,30539.001953125,0.0026183282025158405,24.69888687133789
0.002822909038513899,28265.96875,0.002596367383375764,24.21971893310547
0.002860317938029766,28851.765625,0.002499193884432316,24.5488338470459
0.0028373138047754765,30785.111328125,0.0024416737724095583,22.30350685119629
0.0028186063282191753,28141.994140625,0.0024816349614411592,24.680988311767578
0.002806316828355193,28985.875,0.0024395587388426065,24.99028778076172
0.0028309233020991087,28796.435546875,0.002416485222056508,23.815248489379883
0.002844453789293766,29633.07421875,0.002419173251837492,23.412504196166992
0.0028456971049308777,31753.505859375,0.002463315613567829,24.506174087524414
0.0028294383082538843,25582.970703125,0.0024391263723373413,25.161651611328125
0.0028243125416338444,30625.99609375,0.0025016290601342916,26.49184799194336
0.0028412817046046257,26723.697265625,0.0024521101731806993,23.791399002075195
0.002847950905561447,28413.927734375,0.002453969791531563,24.417144775390625
0.0028390223160386086,25264.462890625,0.0024365654680877924,24.457061767578125
0.0028304157312959433,28381.896484375,0.0024572666734457016,24.099498748779297
0.002856908133253455,28196.830078125,0.0024117936845868826,23.830991744995117
0.0028529923874884844,26770.51171875,0.002422255463898182,23.76677703857422
0.0028199583757668734,25738.66015625,0.00240292027592659,23.661062240600586
0.0028522005304694176,29752.544921875,0.002394704148173332,25.313121795654297
0.0028213358018547297,26257.865234375,0.0025749090127646923,24.299177169799805
0.0028381263837218285,31699.556640625,0.0023908447474241257,26.34331512451172
0.0028413948602974415,28910.587890625,0.0024630867410451174,25.88312339782715
0.002824779599905014,29107.08203125,0.002448497572913766,23.772247314453125
0.002827050630003214,32707.43359375,0.00241864868439734,23.390865325927734
0.002841564593836665,29647.02734375,0.0025701718404889107,25.021133422851562
0.00283031421713531,31883.869140625,0.002425860846415162,22.909984588623047
0.002818034728989005,26137.146484375,0.0023815662134438753,25.01739501953125
0.002806762233376503,26100.875,0.002392251044511795,24.133392333984375
0.0028257647063583136,31001.16015625,0.0024152500554919243,23.014751434326172
0.0028160095680505037,29961.529296875,0.0024032967630773783,23.15993309020996
0.002822507405653596,31142.400390625,0.002482375130057335,25.57914924621582
0.002839716151356697,26856.103515625,0.0023930983152240515,23.990434646606445
0.0028267542365938425,24682.724609375,0.002388258930295706,24.03115463256836
0.0028217879589647055,29705.271484375,0.0024029193446040154,23.83003044128418
0.0028578578494489193,27527.056640625,0.0024206668604165316,23.992990493774414
0.002809022320434451,27343.537109375,0.0023897974751889706,25.183870315551758
0.0028352790977805853,28055.2734375,0.0024273646995425224,22.915056228637695
0.0028211784083396196,33361.3203125,0.002417522482573986,23.83999252319336
0.002825967501848936,30249.453125,0.002381238853558898,24.602460861206055
0.0028228252194821835,30548.775390625,0.002438852097839117,25.33206558227539
0.0028302916325628757,24770.61328125,0.002591468393802643,24.58043670654297
0.0028198270592838526,29828.61328125,0.0025104170199483633,25.4316349029541
0.0028185008559376,27070.53515625,0.0024308201391249895,24.381263732910156
0.0028087960090488195,25983.23828125,0.0023768264800310135,24.177915573120117
0.0028110439889132977,25212.244140625,0.002411381108686328,25.565086364746094
0.002829819219186902,25559.603515625,0.0023927059955894947,23.60634422302246
0.002822074806317687,26958.083984375,0.002433001296594739,24.16493797302246
0.0028203162364661694,29121.462890625,0.002404427155852318,23.439868927001953
0.002827309537678957,23881.685546875,0.002450809581205249,24.690898895263672
0.0028259013779461384,25383.970703125,0.0024878785479813814,23.847410202026367
0.0028271700721234083,27944.166015625,0.0023845380637794733,23.52873420715332
0.002815673593431711,27008.3203125,0.002574157901108265,25.009639739990234
0.0028294448275119066,33390.02734375,0.0025199067313224077,23.67711639404297
0.0028272850904613733,30516.001953125,0.002378712873905897,23.296239852905273
0.0028259486425668,30584.10546875,0.0024201658088713884,23.078834533691406
0.00277383322827518,28449.162109375,0.002408521017059684,24.85334014892578
0.0028128372505307198,23735.72265625,0.0023867592681199312,23.461889266967773
0.0028083696961402893,23847.822265625,0.0024228766560554504,23.018054962158203
0.0028394770342856646,22823.88671875,0.0023988254833966494,24.711563110351562
0.0028234312776476145,29396.595703125,0.002392327645793557,25.150897979736328
0.0028249428141862154,28037.216796875,0.0023688937071710825,24.292259216308594
0.0028328420594334602,29179.212890625,0.0023979009129107,23.704364776611328
0.002825350034981966,24247.515625,0.0023894989863038063,23.865345001220703
0.002807467710226774,28988.435546875,0.002388549270108342,23.12694549560547
0.002822654554620385,25976.39453125,0.0025485868100076914,24.27140235900879
0.002813858911395073,27583.671875,0.002544229384511709,27.475400924682617
0.0028137224726378918,25435.640625,0.0024880114942789078,24.32529640197754
0.0028233120683580637,30036.447265625,0.002384195802733302,26.519041061401367
0.0028245963621884584,29244.62890625,0.002352555748075247,24.935819625854492
0.0028026816435158253,27373.126953125,0.0024161520414054394,25.125757217407227
0.0028286671731621027,26853.248046875,0.002488872967660427,24.71112823486328
0.0028305959422141314,32422.587890625,0.002370148431509733,23.35542869567871
0.0028021750040352345,28123.263671875,0.0025811870582401752,25.516815185546875
0.0028487613890320063,28545.443359375,0.0023737940937280655,23.496492385864258
0.002802371745929122,25539.09375,0.0024425883311778307,22.90044403076172
0.002825412666425109,29700.15625,0.0024956571869552135,24.470304489135742
0.0027919989079236984,25375.08203125,0.002363070845603943,23.60244369506836
0.002810605801641941,26559.17578125,0.002361183986067772,24.077116012573242
0.0028136023320257664,29810.271484375,0.002533872378990054,26.32242202758789
0.0027797252405434847,29976.337890625,0.002368716988712549,23.485017776489258
0.0028032497502863407,24731.595703125,0.0025161157827824354,24.107105255126953
0.0028105590026825666,29453.845703125,0.0023769938852638006,22.497600555419922
0.00283459248021245,24185.23046875,0.002376109827309847,22.402137756347656
0.0028158132918179035,25136.451171875,0.002547644078731537,25.53974723815918
0.002791921840980649,30864.48828125,0.0023547830060124397,24.12577247619629
0.0028090602718293667,25991.02734375,0.0027345505077391863,26.142086029052734
0.00279164407402277,28323.615234375,0.0024009523913264275,23.699785232543945
0.0027895933017134666,33229.1953125,0.00243148161098361,24.750255584716797
0.0027993060648441315,26902.54296875,0.0023878461215645075,23.319440841674805
0.002806538948789239,25872.796875,0.002372225048020482,22.926485061645508
0.002796422690153122,25601.646484375,0.0023582258727401495,24.918182373046875
0.0027821233961731195,24399.458984375,0.002386850770562887,24.699871063232422
0.002795577049255371,32157.677734375,0.0023636335972696543,25.693803787231445
0.002792662475258112,29018.646484375,0.002505246549844742,26.54459571838379
0.0027898431289941072,30317.1484375,0.0023934482596814632,21.791507720947266
0.0027930543292313814,26394.431640625,0.0023623923771083355,26.562580108642578
0.0027992669492959976,24279.8203125,0.002453804248943925,23.008235931396484
0.0028522976208478212,26803.591796875,0.0023401633370667696,23.508329391479492
0.0028040041215717793,31237.990234375,0.0023545275907963514,22.695972442626953
0.0027933833189308643,25357.669921875,0.002425098093226552,25.53370475769043
0.002811373444274068,26831.953125,0.00238190870732069,23.465145111083984
0.002797012683004141,21856.5625,0.002366052009165287,22.908910751342773
0.0027685058303177357,23345.986328125,0.0024240422062575817,21.9295711517334
0.00279048434458673,32196.966796875,0.0023904098197817802,23.857023239135742
0.002776980632916093,22810.287109375,0.0023332310374826193,24.713071823120117
0.0027918799314647913,26581.697265625,0.0023674501571804285,21.908212661743164
0.0028171215672045946,26451.5390625,0.0024109026417136192,24.256555557250977
0.002786332741379738,23157.3671875,0.002474929438903928,25.460128784179688
0.0028099503833800554,32820.734375,0.0023850970901548862,25.90415382385254
0.0027944273315370083,28559.0546875,0.002410499844700098,23.062076568603516
0.0027848572935909033,27604.810546875,0.0023432504385709763,22.558927536010742
0.002821871545165777,26218.103515625,0.002348795533180237,25.09990882873535
0.0028320399578660727,32402.15234375,0.0023390220012515783,23.1636905670166
0.002776617184281349,32678.6796875,0.002358206082135439,22.383764266967773
0.002800733083859086,26858.7265625,0.002359155798330903,27.227294921875
0.002804794581606984,29244.751953125,0.0023377020843327045,23.440170288085938
0.0027803892735391855,25563.85546875,0.0023416513577103615,23.44632911682129
0.0027905816677957773,25195.3671875,0.0023461708333343267,23.087289810180664
0.002779308008030057,27079.208984375,0.0023642152082175016,22.585927963256836
0.0027958701830357313,28764.34375,0.002337966812774539,24.163555145263672
0.0027915979735553265,27868.92578125,0.0023413035087287426,23.46409034729004
0.002795316046103835,29043.716796875,0.002412625588476658,22.974855422973633
0.0027972422540187836,26885.2734375,0.0023511284962296486,23.061809539794922
0.0027967621572315693,23637.890625,0.0024059005081653595,24.7303409576416
0.0027656415477395058,28754.1953125,0.0023521482944488525,22.08885383605957
0.0027934336103498936,25965.65234375,0.0023615825921297073,22.321067810058594
0.0027691915165632963,32243.1953125,0.002635622164234519,23.618257522583008
0.002800251357257366,25514.099609375,0.0023229268845170736,24.144214630126953
0.0027801436372101307,28803.021484375,0.0023771843407303095,23.646013259887695
0.002791873412206769,26450.6328125,0.002334253629669547,23.05059242248535
0.0028065252117812634,27317.986328125,0.0023321611806750298,23.476898193359375
0.0027878370601683855,25258.953125,0.0023291439283639193,23.10113525390625
0.0027858871035277843,26897.97265625,0.002342963358387351,22.892126083374023
0.0027834728825837374,22497.029296875,0.0023242237512022257,23.52208709716797
0.002787214471027255,26003.10546875,0.00232021976262331,23.350170135498047
0.002768218517303467,25657.470703125,0.0026037113275378942,23.532062530517578
